lb6-pilot-skill-rerun-v3-dev-loan-library-direct-1784900468994	https://hub.harborframework.com/jobs/68bf74a0-fed5-4533-ab1a-051885720931
lb6-pilot-skill-rerun-v3-dev-loan-library-lamina-1784900468993	https://hub.harborframework.com/jobs/4b4fb7da-3d50-49f4-b455-e906e017619e
lb6-pilot-skill-rerun-v3-dev-loan-library-plan-1784900468995	https://hub.harborframework.com/jobs/5d3c40a2-13ea-4d64-916b-2b6e11b020bc
lb6-pilot-skill-rerun-v3-dev-review-room-direct-1784901662126	https://hub.harborframework.com/jobs/eaf8f060-3af4-43d0-9941-c35f68397aad
lb6-pilot-skill-rerun-v3-dev-review-room-lamina-1784901662128	https://hub.harborframework.com/jobs/52138bc8-b0a6-4c8b-b73c-e3af6ee940f8
lb6-pilot-skill-rerun-v3-dev-review-room-plan-1784901662127	https://hub.harborframework.com/jobs/ed7e08c6-4c0e-4a47-bc54-7beca8bde1ef
lb6-pilot-skill-rerun-v3-dev-simple-list-direct-1784902833886	https://hub.harborframework.com/jobs/a9f89a52-0fd0-40bf-8fbd-4682d123e4bb
lb6-pilot-skill-rerun-v3-dev-simple-list-lamina-1784902833888	https://hub.harborframework.com/jobs/e18d57f9-70c3-4a59-84b1-763d026b0a52
lb6-pilot-skill-rerun-v3-dev-simple-list-plan-1784902833887	https://hub.harborframework.com/jobs/94228aa4-2233-4543-bd56-761277efab48
lb6-pilot-skill-rerun-v3-dev-toggle-preference-direct-1784903711763	https://hub.harborframework.com/jobs/09e910a4-0c04-4b7b-8864-384d0959c464
lb6-pilot-skill-rerun-v3-dev-toggle-preference-lamina-1784903711765	https://hub.harborframework.com/jobs/bad585e6-6d62-4c55-8baf-ae9aa884ba70
lb6-pilot-skill-rerun-v3-dev-toggle-preference-plan-1784903711764	https://hub.harborframework.com/jobs/5523b587-9373-4b5c-ad5b-5dd519a69e0c
lb6-pilot-skill-rerun-v3-dev-loan-library-direct-1784912432748	https://hub.harborframework.com/jobs/3b0284f6-aef5-4dec-975c-594458abfc13
lb6-pilot-skill-rerun-v3-dev-loan-library-lamina-1784912432747	https://hub.harborframework.com/jobs/560b9eed-7dfb-48eb-8fe5-e5fe517d8879
lb6-pilot-skill-rerun-v3-dev-loan-library-plan-1784916309722	https://hub.harborframework.com/jobs/f19fd2e3-2f3c-4d71-b46f-fb4b18bcc718
lb6-pilot-skill-rerun-v3-dev-review-room-direct-1784913481838	https://hub.harborframework.com/jobs/355a640e-3e87-4397-847a-84a8f35d8734
lb6-pilot-skill-rerun-v3-dev-review-room-lamina-1784913481840	https://hub.harborframework.com/jobs/63e6d418-7584-4a80-9945-bbe0d8936ab1
lb6-pilot-skill-rerun-v3-dev-review-room-plan-1784913481839	https://hub.harborframework.com/jobs/f78d6cd3-7c4c-474a-a86f-3d1b180f930d
lb6-pilot-skill-rerun-v3-dev-simple-list-direct-1784914569820	https://hub.harborframework.com/jobs/f5e682d1-9c88-4e69-b2f4-9fe8c8465c1b
lb6-pilot-skill-rerun-v3-dev-simple-list-lamina-1784914569822	https://hub.harborframework.com/jobs/7aef0751-5be9-40e0-9c92-83f8a8a4556f
lb6-pilot-skill-rerun-v3-dev-simple-list-plan-1784914569821	https://hub.harborframework.com/jobs/4ffa42a0-48db-4544-bf5a-c80a24b90713
lb6-pilot-skill-rerun-v3-dev-toggle-preference-direct-1784915463565	https://hub.harborframework.com/jobs/0c009b93-295a-476f-8312-0ee6c0c3dd18
lb6-pilot-skill-rerun-v3-dev-toggle-preference-lamina-1784915463567	https://hub.harborframework.com/jobs/2e16692a-9246-4a88-94fd-2668879a5e76
lb6-pilot-skill-rerun-v3-dev-toggle-preference-plan-1784915463566	https://hub.harborframework.com/jobs/c269ba5c-8bc7-4c41-87cb-472f3b88b25d
lb6-pilot-skill-rerun-v3-dev-loan-library-direct-1784916497507	https://hub.harborframework.com/jobs/1e4d8d47-9737-4d55-9b76-b0252d3a01e8
lb6-pilot-skill-rerun-v3-dev-loan-library-lamina-1784916497506	https://hub.harborframework.com/jobs/56f08c78-6d97-4601-a037-a79ac0f7a139
lb6-pilot-skill-rerun-v3-dev-loan-library-plan-1784916497508	https://hub.harborframework.com/jobs/267d20e9-6b6c-4a40-ac6d-f2fa426d55d8
lb6-pilot-skill-rerun-v3-dev-review-room-direct-1784917474864	https://hub.harborframework.com/jobs/9a112d0d-d18c-4bf3-8f3c-123faa962f68
lb6-pilot-skill-rerun-v3-dev-review-room-lamina-1784920693601	https://hub.harborframework.com/jobs/4e1f0f8b-abf4-4efe-827a-43e36a0694f5
lb6-pilot-skill-rerun-v3-dev-review-room-plan-1784917474865	https://hub.harborframework.com/jobs/3c216c39-3337-427d-b149-444f6055274e
lb6-pilot-skill-rerun-v3-dev-simple-list-direct-1784918678232	https://hub.harborframework.com/jobs/1474880e-2717-4ca6-b18e-007f637cf8ac
lb6-pilot-skill-rerun-v3-dev-simple-list-lamina-1784918678234	https://hub.harborframework.com/jobs/216fd916-77d5-4a96-b4a9-48ffb9fd2bd9
lb6-pilot-skill-rerun-v3-dev-simple-list-plan-1784918678233	https://hub.harborframework.com/jobs/5564e145-9ec9-4238-b8d2-b7736d8d1381
lb6-pilot-skill-rerun-v3-dev-toggle-preference-direct-1784919613403	https://hub.harborframework.com/jobs/d793aebc-c9ed-4dd3-adfb-2b635bca974a
lb6-pilot-skill-rerun-v3-dev-toggle-preference-lamina-1784919613405	https://hub.harborframework.com/jobs/92f5115c-aa44-45b5-a567-475332b68d15
lb6-pilot-skill-rerun-v3-dev-toggle-preference-plan-1784919613404	https://hub.harborframework.com/jobs/1e2f72c5-ef16-47cf-a61a-b44dd0477b23
